,,,https://res.cloudinary.com/splurgeart/image/upload/v1708832737/swanling/jqusnmg0hrhdkbmqvt8v.jpg,https://res.cloudinary.com/splurgeart/image/upload/v1708832739/swanling/ywcehfcwczqnxlwatbc5.jpg,https://res.cloudinary.com/splurgeart/image/upload/v1708832741/swanling/vpmnrlh4c0gykay19jf4.jpg,,,,
https://res.cloudinary.com/splurgeart/image/upload/v1708832845/swanling/cw2cmfnrbndn7gvai45d.jpg,https://res.cloudinary.com/splurgeart/image/upload/v1708832847/swanling/bnw5o93nkhnfoptihzfg.jpg,https://res.cloudinary.com/splurgeart/image/upload/v1708832849/swanling/pzwecsvulg1pqplu4npd.jpg,,,,,,,
https://res.cloudinary.com/splurgeart/image/upload/v1708833001/swanling/vntsx5lrumttm8wttvoi.jpg,https://res.cloudinary.com/splurgeart/image/upload/v1708833002/swanling/qeq23hah5ccngieycrdb.jpg,https://res.cloudinary.com/splurgeart/image/upload/v1708833004/swanling/vsw7fkjz77iy8rvpkbbf.jpg,,,,,,,
https://res.cloudinary.com/splurgeart/image/upload/v1708874571/swanling/aalpt7xr9axpeg2z3dlt.jpg,,,,,,,,,
"https://res.cloudinary.com/splurgeart/image/upload/c_crop,h_7168,w_4095,x_0,y_0/v1708856731/ai_art/prompt_prediction/yhzazu4uu928vkvinpch.jpg","https://res.cloudinary.com/splurgeart/image/upload/c_crop,h_7168,w_4094,x_1,y_0/v1708856696/ai_art/prompt_prediction/zv9oc3cnvxoq17qpm79d.jpg",,,,,,,,
https://res.cloudinary.com/splurgeart/image/upload/v1708877580/swanling/fsoqw9fjnnwwidnhqcbb.jpg,,,,,,,,,
"https://res.cloudinary.com/splurgeart/image/upload/c_crop,h_1792,w_1024,x_0,y_0/v1709026026/ai_art/prompt_prediction/s3bzvxw8cu0acnwzashf.jpg",,,,,,,,,
"https://res.cloudinary.com/splurgeart/image/upload/c_crop,h_4096,w_3072,x_0,y_0/v1709060537/ai_art/prompt_prediction/n8ai7sh6uurbu3qq8sof.jpg",,,,,,,,,
"https://res.cloudinary.com/splurgeart/image/upload/c_crop,h_1792,w_1023,x_0,y_0/v1709064036/ai_art/prompt_prediction/cjh6wi2k2kdl32irpz81.jpg",,,,,,,,,
"https://res.cloudinary.com/splurgeart/image/upload/c_crop,h_7168,w_4096,x_0,y_0/v1708875120/ai_art/prompt_prediction/z6fvjnm7vrdnfb9kdbdq.jpg",,,,,,,,,
"https://res.cloudinary.com/splurgeart/image/upload/c_crop,h_7168,w_4095,x_0,y_0/v1708875173/ai_art/prompt_prediction/fhadt22arnga4j79p3py.jpg",,,,,,,,,
"https://res.cloudinary.com/splurgeart/image/upload/c_crop,h_7168,w_4095,x_0,y_0/v1708875194/ai_art/prompt_prediction/seo0a6bchsmgsjsg0dfb.jpg",,,,,,,,,
"https://res.cloudinary.com/splurgeart/image/upload/c_crop,h_7168,w_4094,x_1,y_0/v1709114961/ai_art/prompt_prediction/ucz16vgpkdgpi2edvy8i.jpg","https://res.cloudinary.com/splurgeart/image/upload/c_crop,h_7168,w_4095,x_1,y_0/v1709114996/ai_art/prompt_prediction/rkwujurr2fxpgygowgiw.jpg","https://res.cloudinary.com/splurgeart/image/upload/c_crop,h_7168,w_4096,x_0,y_0/v1709114979/ai_art/prompt_prediction/wztxubnqchpmihvfm8vv.jpg","https://res.cloudinary.com/splurgeart/image/upload/c_crop,h_7168,w_4094,x_1,y_0/v1709115246/ai_art/prompt_prediction/w3ap3jvsli1oqvml2k3c.jpg",,,,,,
https://res.cloudinary.com/splurgeart/image/upload/v1709241243/swanling/caqvzgjs23aytljfptm4.jpg,,,,,,,,,
"https://res.cloudinary.com/splurgeart/image/upload/c_crop,h_4096,w_3071,x_0,y_0/v1709401669/ai_art/prompt_prediction/xcr6ebor6hiywvc6msf5.jpg",,,,,,,,,
"https://res.cloudinary.com/splurgeart/image/upload/c_crop,h_3584,w_2047,x_1,y_0/v1709503136/ai_art/prompt_prediction/kytx4fag9juue9lwucqk.jpg",,,,,,,,,
"https://res.cloudinary.com/splurgeart/image/upload/c_crop,h_3584,w_2047,x_0,y_0/v1709508947/ai_art/prompt_prediction/fjl4gjqcqsfgukpjjevm.jpg",,,,,,,,,
"https://res.cloudinary.com/splurgeart/image/upload/c_crop,h_7168,w_4096,x_0,y_0/v1708875120/ai_art/prompt_prediction/z6fvjnm7vrdnfb9kdbdq.jpg",,,,,,,,,
"https://res.cloudinary.com/splurgeart/image/upload/c_crop,h_7168,w_4095,x_0,y_0/v1708875194/ai_art/prompt_prediction/seo0a6bchsmgsjsg0dfb.jpg",,,,,,,,,
"https://res.cloudinary.com/splurgeart/image/upload/c_crop,h_3584,w_2048,x_0,y_0/v1709630259/ai_art/prompt_prediction/o18keq9mlg3enrmdcihx.jpg","https://res.cloudinary.com/splurgeart/image/upload/c_crop,h_3584,w_2048,x_0,y_0/v1709630277/ai_art/prompt_prediction/irjotruvrdgswhasyalb.jpg",,,,,,,,
https://res.cloudinary.com/splurgeart/image/upload/v1709631938/swanling/agm3d9urbucyihsgzfyx.jpg,https://res.cloudinary.com/splurgeart/image/upload/v1709631940/swanling/nm3b0k5erlqbkihuv2c7.jpg,https://res.cloudinary.com/splurgeart/image/upload/v1709631941/swanling/psqjqozw1uub3t9hknfc.jpg,https://res.cloudinary.com/splurgeart/image/upload/v1709631943/swanling/dxk02nnld0nzfrnbxvaq.jpg,https://res.cloudinary.com/splurgeart/image/upload/v1709631945/swanling/b8cobbau5g8ei0p4gxv7.jpg,https://res.cloudinary.com/splurgeart/image/upload/v1709631947/swanling/cpqi5fplltzaevh5zhem.jpg,,,,
"https://res.cloudinary.com/splurgeart/image/upload/c_crop,h_4096,w_3071,x_0,y_0/v1709661054/ai_art/prompt_prediction/phlish4x03xsyliexkpo.jpg","https://res.cloudinary.com/splurgeart/image/upload/c_crop,h_4096,w_3071,x_0,y_0/v1709661066/ai_art/prompt_prediction/pmltatdx8erbvbj2pwma.jpg","https://res.cloudinary.com/splurgeart/image/upload/c_crop,h_4096,w_3072,x_0,y_0/v1709665242/ai_art/prompt_prediction/uqzqeusoapnvihjo2d2o.jpg",,,,,,,
"https://res.cloudinary.com/splurgeart/image/upload/c_crop,h_4096,w_3071,x_1,y_0/v1708173176/ai_art/prompt_prediction/zd05ka0ecu9qprnqsssa.jpg",,,,,,,,,
"https://res.cloudinary.com/splurgeart/image/upload/c_crop,h_4096,w_3072,x_0,y_0/v1708091145/ai_art/prompt_prediction/dylfyl2s9divatpn2jjo.jpg",,,,,,,,,
"https://res.cloudinary.com/splurgeart/image/upload/c_crop,h_2048,w_2048,x_0,y_0/v1709707049/ai_art/prompt_prediction/icsfm0aya1r56vfzkoj9.jpg",,,,,,,,,
"https://res.cloudinary.com/splurgeart/image/upload/c_crop,h_2048,w_2048,x_0,y_0/v1709806393/ai_art/prompt_prediction/jhxubabpvwor66zrjazk.jpg",,,,,,,,,
https://res.cloudinary.com/splurgeart/image/upload/v1710019540/swanling/hggqssx9thqoyhwlk3eb.jpg,https://res.cloudinary.com/splurgeart/image/upload/v1710019542/swanling/v21wga8ltbwwsw7xs89c.jpg,https://res.cloudinary.com/splurgeart/image/upload/v1710019544/swanling/w0n1fwmwbn2dvsgtqeel.jpg,https://res.cloudinary.com/splurgeart/image/upload/v1710019546/swanling/hsvd8xtaonkynxvh4e76.jpg,,,,,,
"https://res.cloudinary.com/splurgeart/image/upload/c_crop,h_3584,w_2048,x_0,y_0/v1710047389/ai_art/prompt_prediction/vrlassg4q11fdkag5p7k.jpg","https://res.cloudinary.com/splurgeart/image/upload/c_crop,h_3584,w_2047,x_0,y_0/v1710129143/ai_art/prompt_prediction/acrbpo7ngvshtponbmxf.jpg","https://res.cloudinary.com/splurgeart/image/upload/c_crop,h_2048,w_2048,x_0,y_0/v1710128583/ai_art/prompt_prediction/fxhlkz88tovephhciscz.jpg","https://res.cloudinary.com/splurgeart/image/upload/c_crop,h_3584,w_2048,x_0,y_0/v1710128421/ai_art/prompt_prediction/uoedomocevl5ulcsluue.jpg","https://res.cloudinary.com/splurgeart/image/upload/c_crop,h_3584,w_2047,x_0,y_0/v1710128443/ai_art/prompt_prediction/gaglscfqoiamo3bgmpac.jpg",,,,,
"https://res.cloudinary.com/splurgeart/image/upload/c_crop,h_3584,w_2048,x_0,y_0/v1709750231/ai_art/prompt_prediction/jg95nvwlcpxaq84nti4s.jpg",,,,,,,,,
"https://res.cloudinary.com/splurgeart/image/upload/c_crop,h_3584,w_2048,x_0,y_0/v1709751263/ai_art/prompt_prediction/flhlfnkt2jgfubqspezr.jpg",,,,,,,,,
"https://res.cloudinary.com/splurgeart/image/upload/c_crop,h_4096,w_3072,x_0,y_0/v1708138142/ai_art/prompt_prediction/dgxnjjmkwxpk7ndb3m78.jpg",,,,,,,,,
"https://res.cloudinary.com/splurgeart/image/upload/c_crop,h_3584,w_2047,x_0,y_0/v1710141284/ai_art/prompt_prediction/tbyjimhv1ig4sonqn9xq.jpg",,,,,,,,,
"https://res.cloudinary.com/splurgeart/image/upload/c_crop,h_3584,w_2047,x_1,y_0/v1710151200/ai_art/prompt_prediction/m1wjzci8v14xlvwcnf4g.jpg",,,,,,,,,
"https://res.cloudinary.com/splurgeart/image/upload/c_crop,h_2048,w_2048,x_0,y_0/v1710151088/ai_art/prompt_prediction/muyju6y972hgi5rl4xrk.jpg",,,,,,,,,
"https://res.cloudinary.com/splurgeart/image/upload/c_crop,h_2048,w_2048,x_0,y_0/v1710151037/ai_art/prompt_prediction/ie88aretgbh4ffvslxap.jpg",,,,,,,,,
"https://res.cloudinary.com/splurgeart/image/upload/c_crop,h_2048,w_2048,x_0,y_0/v1710236825/ai_art/prompt_prediction/irzzkgdykt7yzoo3lbxt.jpg",,,,,,,,,
"https://res.cloudinary.com/splurgeart/image/upload/c_crop,h_3584,w_2048,x_0,y_0/v1710289192/ai_art/prompt_prediction/kpyuby4w33boc32tjgpt.jpg","https://res.cloudinary.com/splurgeart/image/upload/c_crop,h_3584,w_2047,x_1,y_0/v1710289664/ai_art/prompt_prediction/eal7wqnoyrsnhxvedcrq.jpg","https://res.cloudinary.com/splurgeart/image/upload/c_crop,h_3584,w_2047,x_0,y_0/v1710289565/ai_art/prompt_prediction/lniyaeuvme7vcq4v6yqz.jpg","https://res.cloudinary.com/splurgeart/image/upload/c_crop,h_3584,w_2047,x_0,y_0/v1710290043/ai_art/prompt_prediction/oxgpg6xv9gpblpxygzy2.jpg","https://res.cloudinary.com/splurgeart/image/upload/c_crop,h_4096,w_3071,x_0,y_0/v1710289583/ai_art/prompt_prediction/muwzjumrrq077xxxdhsn.jpg","https://res.cloudinary.com/splurgeart/image/upload/c_crop,h_3584,w_2048,x_0,y_0/v1710288830/ai_art/prompt_prediction/mvogxlpbxv6y0ixnlzrv.jpg","https://res.cloudinary.com/splurgeart/image/upload/c_crop,h_3584,w_2048,x_0,y_0/v1710288589/ai_art/prompt_prediction/ov3o8auci6lkaji0wt4u.jpg","https://res.cloudinary.com/splurgeart/image/upload/c_crop,h_3584,w_2048,x_0,y_0/v1710288723/ai_art/prompt_prediction/alsxuly672fekghjzhlg.jpg","https://res.cloudinary.com/splurgeart/image/upload/c_crop,h_3584,w_2048,x_0,y_0/v1710289122/ai_art/prompt_prediction/on3958molaswxyjg8egu.jpg","https://res.cloudinary.com/splurgeart/image/upload/c_crop,h_4096,w_3071,x_1,y_0/v1710288100/ai_art/prompt_prediction/uc7cgoqkdtbfdmn3ji9c.jpg"
https://res.cloudinary.com/splurgeart/image/upload/v1710334322/swanling/wi5xafmwtqzk8olsqxww.jpg,,,,,,,,,
https://res.cloudinary.com/splurgeart/image/upload/v1710339235/swanling/yuazmeqrsb4pb67mcyjv.jpg,https://res.cloudinary.com/splurgeart/image/upload/v1710339237/swanling/hyjq6qpsoo7pufgsjad9.jpg,https://res.cloudinary.com/splurgeart/image/upload/v1710339239/swanling/amxeqq5v0a1gb7ribcth.jpg,,,,,,,
"https://res.cloudinary.com/splurgeart/image/upload/c_crop,h_2048,w_2048,x_0,y_0/v1710359462/ai_art/prompt_prediction/ggtf81eoy0be120bazoq.jpg","https://res.cloudinary.com/splurgeart/image/upload/c_crop,h_2048,w_2048,x_0,y_768/v1710359549/ai_art/prompt_prediction/lslygogqjt5bdidpahs4.jpg","https://res.cloudinary.com/splurgeart/image/upload/c_crop,h_2048,w_2048,x_0,y_0/v1710359565/ai_art/prompt_prediction/rwgzmmul7opvkrnicwxu.jpg","https://res.cloudinary.com/splurgeart/image/upload/c_crop,h_2048,w_2048,x_0,y_0/v1710361305/ai_art/prompt_prediction/rknpmccahqtblzmnz1qh.jpg","https://res.cloudinary.com/splurgeart/image/upload/c_crop,h_2048,w_2048,x_0,y_0/v1710361317/ai_art/prompt_prediction/y91btfderhhzgfvxkivq.jpg","https://res.cloudinary.com/splurgeart/image/upload/c_crop,h_1024,w_1024,x_0,y_0/v1710360640/ai_art/prompt_prediction/rop0dtazcw9nb8qjyytu.jpg",,,,
https://res.cloudinary.com/splurgeart/image/upload/v1710362198/swanling/sxwmfxrg0dnuz4tdtmdv.jpg,https://res.cloudinary.com/splurgeart/image/upload/v1710362200/swanling/mtylxspifwurjtavv7bu.jpg,,,,,,,,
https://res.cloudinary.com/splurgeart/image/upload/v1710362351/swanling/vfdu2otoiscd9bz7sk8g.jpg,https://res.cloudinary.com/splurgeart/image/upload/v1710362353/swanling/ajkxmljexfxxg29hivcm.jpg,,,,,,,,
https://res.cloudinary.com/splurgeart/image/upload/v1710429145/swanling/sxiwc2ientxexccbheri.png,https://res.cloudinary.com/splurgeart/image/upload/v1710429148/swanling/zu7ehiwj2jdrzk8n2abp.jpg,,,,,,,,
https://res.cloudinary.com/splurgeart/image/upload/v1710429248/swanling/x2tjxiizzziurjgdo8oa.jpg,https://res.cloudinary.com/splurgeart/image/upload/v1710429250/swanling/ygcmqsz9llnradjvglzf.jpg,,,,,,,,
https://res.cloudinary.com/splurgeart/image/upload/v1710430319/swanling/gclm7u6dknmzblnurlp9.jpg,https://res.cloudinary.com/splurgeart/image/upload/v1710430320/swanling/deveeb3hzldkdxa47o2r.png,,,,,,,,
https://res.cloudinary.com/splurgeart/image/upload/v1710430409/swanling/ampqwnizyd32wmxwiy1r.jpg,https://res.cloudinary.com/splurgeart/image/upload/v1710430411/swanling/r3xpfmlmkeo1k4c64pzt.jpg,,,,,,,,
https://res.cloudinary.com/splurgeart/image/upload/v1710540769/swanling/r4xrun0vwlixu4pgyteg.jpg,,,,,,,,,
"https://res.cloudinary.com/splurgeart/image/upload/c_crop,h_1792,w_1024,x_0,y_0/v1710541996/ai_art/prompt_prediction/dqvpzmqetzvjzubeejwq.jpg",,,,,,,,,
"https://res.cloudinary.com/splurgeart/image/upload/c_crop,h_3584,w_2048,x_0,y_0/v1710543065/ai_art/prompt_prediction/vrna8rua9qmrggzgriat.jpg",,,,,,,,,
"https://res.cloudinary.com/splurgeart/image/upload/c_crop,h_3584,w_2048,x_0,y_0/v1710562582/ai_art/prompt_prediction/evpflmwhaf8ntxy3btnj.jpg",,,,,,,,,
"https://res.cloudinary.com/splurgeart/image/upload/c_crop,h_3584,w_2047,x_1,y_0/v1710599924/ai_art/prompt_prediction/gz41ytzysqsgjqa5pci0.jpg",,,,,,,,,
"https://res.cloudinary.com/splurgeart/image/upload/c_crop,h_3584,w_2047,x_1,y_0/v1710602621/ai_art/prompt_prediction/xtj3i3wwjjqdx1ylljod.jpg",,,,,,,,,
"https://res.cloudinary.com/splurgeart/image/upload/c_crop,h_1792,w_1024,x_0,y_0/v1710605717/ai_art/prompt_prediction/qbpbpmu9sd8toek8u8oy.jpg",,,,,,,,,
"https://res.cloudinary.com/splurgeart/image/upload/c_crop,h_4096,w_3072,x_0,y_0/v1710647928/ai_art/prompt_prediction/u045lhbbhpdhzbgqxrrd.jpg",,,,,,,,,
"https://res.cloudinary.com/splurgeart/image/upload/c_crop,h_4096,w_3072,x_0,y_0/v1710647928/ai_art/prompt_prediction/u045lhbbhpdhzbgqxrrd.jpg","https://res.cloudinary.com/splurgeart/image/upload/c_crop,h_4096,w_3071,x_1,y_0/v1710648607/ai_art/prompt_prediction/wsdopootmykzubxxw9x1.jpg",,,,,,,,
"https://res.cloudinary.com/splurgeart/image/upload/c_crop,h_4096,w_3071,x_1,y_0/v1710647894/ai_art/prompt_prediction/ncs9z97ahldosafp9qul.jpg",,,,,,,,,
"https://res.cloudinary.com/splurgeart/image/upload/c_crop,h_3584,w_2047,x_1,y_0/v1710898187/ai_art/prompt_prediction/znzxhvbb9ahv4dmsigza.jpg",,,,,,,,,
"https://res.cloudinary.com/splurgeart/image/upload/c_crop,h_4096,w_3072,x_0,y_0/v1710744593/ai_art/prompt_prediction/eoaiiacdxlyq17cjobfm.jpg",,,,,,,,,
"https://res.cloudinary.com/splurgeart/image/upload/c_crop,h_4096,w_3071,x_0,y_0/v1710901472/ai_art/prompt_prediction/xm1bxa4ptbx0pwk9uuhp.jpg",,,,,,,,,
"https://res.cloudinary.com/splurgeart/image/upload/c_crop,h_4096,w_3072,x_0,y_0/v1710781383/ai_art/prompt_prediction/fi51cy0nphdiqp3zoqng.jpg",,,,,,,,,
"https://res.cloudinary.com/splurgeart/image/upload/c_crop,h_3584,w_2048,x_0,y_0/v1710905783/ai_art/prompt_prediction/aprhvh4tj2xonzjhetg9.jpg",,,,,,,,,
"https://res.cloudinary.com/splurgeart/image/upload/c_crop,h_4096,w_3072,x_0,y_0/v1710911835/ai_art/prompt_prediction/etktmuq7bmo4gc0xwubs.jpg",,,,,,,,,
"https://res.cloudinary.com/splurgeart/image/upload/c_crop,h_4096,w_3072,x_0,y_0/v1710904520/ai_art/prompt_prediction/h6vljqyv0g5gnkcenuqx.jpg",,,,,,,,,
"https://res.cloudinary.com/splurgeart/image/upload/c_crop,h_4096,w_3072,x_0,y_0/v1710913680/ai_art/prompt_prediction/s514zvcqsfhmpyysyfw9.jpg",,,,,,,,,
"https://res.cloudinary.com/splurgeart/image/upload/c_crop,h_4096,w_3071,x_0,y_0/v1710910804/ai_art/prompt_prediction/j0t2bwkcjmizc9z8pmiv.jpg",,,,,,,,,
"https://res.cloudinary.com/splurgeart/image/upload/c_crop,h_3584,w_2048,x_0,y_0/v1710900844/ai_art/prompt_prediction/zmevcjddm7iuepoxx4zw.jpg",,,,,,,,,
https://res.cloudinary.com/splurgeart/image/upload/v1711079547/swanling/ejbnwahbe26p4artpixr.jpg,,,,,,,,,
"https://res.cloudinary.com/splurgeart/image/upload/c_crop,h_4096,w_3071,x_0,y_0/v1711106976/ai_art/prompt_prediction/rraagw3lhziihvvybyju.jpg",,,,,,,,,
https://res.cloudinary.com/splurgeart/image/upload/v1711162965/swanling/zhrsbltutdenjusu7hhp.jpg,https://res.cloudinary.com/splurgeart/image/upload/v1711162967/swanling/o3jfxl7mryldfedpabcc.jpg,https://res.cloudinary.com/splurgeart/image/upload/v1711162969/swanling/n6m7zh4e0xc0wo4wbszf.jpg,,,,,,,
"https://res.cloudinary.com/splurgeart/image/upload/c_crop,h_4096,w_3072,x_0,y_0/v1711252052/ai_art/prompt_prediction/cawlduu5tpxssmwcqs9c.jpg",,,,,,,,,
https://res.cloudinary.com/splurgeart/image/upload/v1711310826/swanling/gk3pibnxdbasosq1uqil.png,https://res.cloudinary.com/splurgeart/image/upload/v1711310829/swanling/sjzakklk06szrwaiqkwh.jpg,,,,,,,,
https://res.cloudinary.com/splurgeart/image/upload/v1711310980/swanling/gsavsg5at8nt3kvfsrsm.jpg,https://res.cloudinary.com/splurgeart/image/upload/v1711310982/swanling/klxcrjpu9z5ojev6cdrl.jpg,,,,,,,,
https://res.cloudinary.com/splurgeart/image/upload/v1711339331/swanling/mjii9ns65bohihthwfua.jpg,https://res.cloudinary.com/splurgeart/image/upload/v1711339333/swanling/mmu2ngsvyygqhwxq3ree.jpg,,,,,,,,
https://res.cloudinary.com/splurgeart/image/upload/v1711408306/swanling/uy6v1iuwdyvh6auxf6cj.jpg,https://res.cloudinary.com/splurgeart/image/upload/v1711408307/swanling/hzck9tqipedldsasbuzr.jpg,https://res.cloudinary.com/splurgeart/image/upload/v1711408309/swanling/vbg0f1qyva66ljhkxcnb.jpg,https://res.cloudinary.com/splurgeart/image/upload/v1711408311/swanling/j3idmdqleoc7hf21luoz.jpg,,,,,,
https://res.cloudinary.com/splurgeart/image/upload/v1711459439/swanling/rytsh3wwjobzlwzxgqb1.jpg,https://res.cloudinary.com/splurgeart/image/upload/v1711459443/swanling/fwlzyzmb19gurctemnw8.jpg,,,,,,,,
https://res.cloudinary.com/splurgeart/image/upload/v1711460992/swanling/bwc2dkwjismqdikgcy9x.jpg,,,,,,,,,
"https://res.cloudinary.com/splurgeart/image/upload/c_crop,h_4096,w_3072,x_0,y_0/v1711474508/ai_art/prompt_prediction/nbdksypamymmko3mky0w.jpg","https://res.cloudinary.com/splurgeart/image/upload/c_crop,h_4096,w_3071,x_0,y_0/v1711474843/ai_art/prompt_prediction/akimebfc8wmky7pczgx4.jpg","https://res.cloudinary.com/splurgeart/image/upload/c_crop,h_3584,w_2047,x_0,y_0/v1711474533/ai_art/prompt_prediction/pvqplachzvwb8sq0wmzq.jpg",,,,,,,
"https://res.cloudinary.com/splurgeart/image/upload/c_crop,h_3584,w_2047,x_0,y_0/v1711503027/ai_art/prompt_prediction/gkunktm3awqjsyjixjcg.jpg","https://res.cloudinary.com/splurgeart/image/upload/c_crop,h_3584,w_2047,x_0,y_0/v1711502573/ai_art/prompt_prediction/nc9agxhct70j5b144emj.jpg",,,,,,,,
https://res.cloudinary.com/splurgeart/image/upload/v1711739108/swanling/qzztko6gjpbnbwnc6osx.png,https://res.cloudinary.com/splurgeart/image/upload/v1711739112/swanling/vmqq7rboz60ex8mhvx1v.jpg,,,,,,,,
https://res.cloudinary.com/splurgeart/image/upload/v1711739224/swanling/nh6wnuaagox0wjoqayoa.jpg,https://res.cloudinary.com/splurgeart/image/upload/v1711739226/swanling/nuxkzsj3fe40hdoeq7ht.jpg,,,,,,,,
https://res.cloudinary.com/splurgeart/image/upload/v1711739284/swanling/cu0inpsqgyvpxdxmc2q4.jpg,https://res.cloudinary.com/splurgeart/image/upload/v1711739286/swanling/scafqoq6zl5edcsixx6r.jpg,,,,,,,,
"https://res.cloudinary.com/splurgeart/image/upload/c_crop,h_3584,w_2047,x_1,y_0/v1711788913/ai_art/prompt_prediction/vk9vtq9pb61pls47jhgq.jpg","https://res.cloudinary.com/splurgeart/image/upload/c_crop,h_3584,w_2048,x_0,y_0/v1711795784/ai_art/prompt_prediction/oclxarallxqax8wmhur0.jpg",,,,,,,,
"https://res.cloudinary.com/splurgeart/image/upload/c_crop,h_3584,w_2048,x_0,y_0/v1711805566/ai_art/prompt_prediction/frqao6a4jeq64uvq6zgq.jpg","https://res.cloudinary.com/splurgeart/image/upload/c_crop,h_4096,w_3072,x_0,y_0/v1711805625/ai_art/prompt_prediction/tyb0kpmk8ywnhrzv8yev.jpg","https://res.cloudinary.com/splurgeart/image/upload/c_crop,h_3584,w_2047,x_0,y_0/v1711796060/ai_art/prompt_prediction/ltszvsssl87w3amvuktr.jpg",,,,,,,
"https://res.cloudinary.com/splurgeart/image/upload/c_crop,h_4096,w_3071,x_0,y_0/v1711934743/ai_art/prompt_prediction/txy76palyvykbfc7r9ca.jpg","https://res.cloudinary.com/splurgeart/image/upload/c_crop,h_4096,w_3072,x_0,y_0/v1711936191/ai_art/prompt_prediction/ttabzucl9vnxsohcaocu.jpg","https://res.cloudinary.com/splurgeart/image/upload/c_crop,h_4096,w_3071,x_0,y_0/v1711935196/ai_art/prompt_prediction/fw8vnx2o5bduokxmc5d2.jpg","https://res.cloudinary.com/splurgeart/image/upload/c_crop,h_4096,w_3071,x_0,y_0/v1711935241/ai_art/prompt_prediction/jj4gvd2ev47uwnug1vn0.jpg",,,,,,
"https://res.cloudinary.com/splurgeart/image/upload/c_crop,h_4096,w_3071,x_0,y_0/v1711935252/ai_art/prompt_prediction/esk8mtcjtx0zvvmeghxt.jpg","https://res.cloudinary.com/splurgeart/image/upload/c_crop,h_4096,w_3072,x_0,y_0/v1711936656/ai_art/prompt_prediction/vtoex9yye2p4q5azkzrg.jpg","https://res.cloudinary.com/splurgeart/image/upload/c_crop,h_4096,w_3071,x_0,y_0/v1711935196/ai_art/prompt_prediction/fw8vnx2o5bduokxmc5d2.jpg","https://res.cloudinary.com/splurgeart/image/upload/c_crop,h_4096,w_3071,x_0,y_0/v1711935241/ai_art/prompt_prediction/jj4gvd2ev47uwnug1vn0.jpg","https://res.cloudinary.com/splurgeart/image/upload/c_crop,h_4096,w_3071,x_0,y_0/v1711934743/ai_art/prompt_prediction/txy76palyvykbfc7r9ca.jpg",,,,,
"https://res.cloudinary.com/splurgeart/image/upload/c_crop,h_4096,w_3072,x_0,y_0/v1711807586/ai_art/prompt_prediction/twv8eidyq5yiifpwaku2.jpg",,,,,,,,,
"https://res.cloudinary.com/splurgeart/image/upload/c_crop,h_4096,w_3072,x_0,y_0/v1711851848/ai_art/prompt_prediction/vjxlgrmdrl6nwwphmpwr.jpg",,,,,,,,,
"https://res.cloudinary.com/splurgeart/image/upload/c_crop,h_3584,w_2048,x_0,y_0/v1710957733/ai_art/prompt_prediction/d9q9r8cbe9sqijijgoki.jpg",,,,,,,,,
"https://res.cloudinary.com/splurgeart/image/upload/c_crop,h_3584,w_2047,x_0,y_0/v1712036084/ai_art/prompt_prediction/bplr34kfiubsegs6gpyr.jpg",,,,,,,,,
"https://res.cloudinary.com/splurgeart/image/upload/c_crop,h_3584,w_2048,x_0,y_0/v1712036628/ai_art/prompt_prediction/wfm208hm6pyf6nlph91q.jpg",,,,,,,,,
"https://res.cloudinary.com/splurgeart/image/upload/c_crop,h_4096,w_3072,x_0,y_0/v1712080854/ai_art/prompt_prediction/mpfrcys7f9dm7mqf7lgu.jpg",,,,,,,,,
https://res.cloudinary.com/splurgeart/image/upload/v1712288585/swanling/jbir6w3nrlc5eussrwox.jpg,https://res.cloudinary.com/splurgeart/image/upload/v1712288587/swanling/ddqxki4lczhgmazhzgp4.jpg,,,,,,,,
https://res.cloudinary.com/splurgeart/image/upload/v1712288918/swanling/l3jdb24h4lklmsjki6mw.jpg,https://res.cloudinary.com/splurgeart/image/upload/v1712288920/swanling/hiwfuy1vf3xsoyqdaxqe.jpg,,,,,,,,
https://res.cloudinary.com/splurgeart/image/upload/v1712289046/swanling/sc6w6oi6zhdktuvewy6g.jpg,https://res.cloudinary.com/splurgeart/image/upload/v1712289048/swanling/lfxayqowvxdyqn5bkgol.jpg,,,,,,,,
https://res.cloudinary.com/splurgeart/image/upload/v1712460918/swanling/nmbfmulvnykuec4b1f68.jpg,https://res.cloudinary.com/splurgeart/image/upload/v1712460920/swanling/gkffmamriilrhujogygw.jpg,https://res.cloudinary.com/splurgeart/image/upload/v1712460922/swanling/j0bjncvd1z4bpnyxyigd.jpg,,,,,,,
https://res.cloudinary.com/splurgeart/image/upload/v1712461215/swanling/uhupmwsypaksv4rqk4cc.jpg,https://res.cloudinary.com/splurgeart/image/upload/v1712461217/swanling/cdzx9sljpfvsmrjfl6m4.jpg,https://res.cloudinary.com/splurgeart/image/upload/v1712461219/swanling/eyjne6mlhbsxg8qa9yzc.jpg,https://res.cloudinary.com/splurgeart/image/upload/v1712461221/swanling/wgvof6ul7yquk9jga1ab.jpg,,,,,,
"https://res.cloudinary.com/splurgeart/image/upload/c_crop,h_4096,w_3071,x_0,y_0/v1712547499/ai_art/prompt_prediction/v80p8tcejaox1be0vgjz.jpg",,,,,,,,,
"https://res.cloudinary.com/splurgeart/image/upload/c_crop,h_2048,w_2048,x_0,y_0/v1712547791/ai_art/prompt_prediction/pmfa3tqwlnwjaxbwxqbi.jpg","https://res.cloudinary.com/splurgeart/image/upload/c_crop,h_2048,w_2048,x_0,y_0/v1712547765/ai_art/prompt_prediction/rglu2aastswe5xhbo7he.jpg","https://res.cloudinary.com/splurgeart/image/upload/c_crop,h_2048,w_2048,x_0,y_0/v1712547816/ai_art/prompt_prediction/ch5yoaaojwe3wpwhvabb.jpg",,,,,,,
https://res.cloudinary.com/splurgeart/image/upload/v1712653193/swanling/jehdfzjukd41ncl5dxc8.jpg,https://res.cloudinary.com/splurgeart/image/upload/v1712653195/swanling/ipkknmle6ot2sceu325y.jpg,https://res.cloudinary.com/splurgeart/image/upload/v1712653198/swanling/p1naf4seocfotknyof2u.jpg,https://res.cloudinary.com/splurgeart/image/upload/v1712653200/swanling/xzyaygkwjv0hqj3bdjog.jpg,https://res.cloudinary.com/splurgeart/image/upload/v1712653202/swanling/h0cxdxxd3jaw1pq842px.jpg,,,,,
"https://res.cloudinary.com/splurgeart/image/upload/c_crop,h_4096,w_3072,x_0,y_0/v1712558021/ai_art/prompt_prediction/ibfj6hgmlcukdqk2q27g.jpg",,,,,,,,,
"https://res.cloudinary.com/splurgeart/image/upload/c_crop,h_4096,w_3071,x_1,y_0/v1712558077/ai_art/prompt_prediction/dk89krobsjskuhzrdllb.jpg",,,,,,,,,
"https://res.cloudinary.com/splurgeart/image/upload/c_crop,h_2048,w_2048,x_0,y_0/v1712713392/ai_art/prompt_prediction/lofdbgoappu1rf3ogrod.jpg","https://res.cloudinary.com/splurgeart/image/upload/c_crop,h_3584,w_2048,x_0,y_0/v1712711952/ai_art/prompt_prediction/yf8hn6crqtcb0pnpwozi.jpg","https://res.cloudinary.com/splurgeart/image/upload/c_crop,h_3584,w_2048,x_0,y_0/v1712677085/ai_art/prompt_prediction/h9g9zxmpelrbyovqvgwf.jpg",,,,,,,
https://res.cloudinary.com/splurgeart/image/upload/v1712726119/swanling/lowqudzt4aakslwrytrr.jpg,https://res.cloudinary.com/splurgeart/image/upload/v1712726120/swanling/nebi2nyu49y1oqqxvaho.jpg,https://res.cloudinary.com/splurgeart/image/upload/v1712726122/swanling/b8bhyum4xpy3xt6cs6fi.jpg,,,,,,,
https://res.cloudinary.com/splurgeart/image/upload/v1712806411/swanling/jvu2xamyhil7oxks9gul.jpg,,,,,,,,,
https://res.cloudinary.com/splurgeart/image/upload/v1712892210/swanling/x0dgqndd278napw9nnsm.jpg,https://res.cloudinary.com/splurgeart/image/upload/v1712892212/swanling/sc67ynrlxmpurnnggm1x.jpg,https://res.cloudinary.com/splurgeart/image/upload/v1712892214/swanling/wji1jsyuapxh0ytawntx.jpg,https://res.cloudinary.com/splurgeart/image/upload/v1712892215/swanling/fzaplqekpp2rwj8cuini.jpg,,,,,,
https://res.cloudinary.com/splurgeart/image/upload/v1712994433/swanling/gpyfm18i4psfsl9qsxyo.jpg,,,,,,,,,
https://res.cloudinary.com/splurgeart/image/upload/v1712997429/swanling/sultfwj7q1jvwuha5dkj.jpg,,,,,,,,,
https://res.cloudinary.com/splurgeart/image/upload/v1713066417/swanling/y2bf5v4gzkzshhtdddb3.jpg,https://res.cloudinary.com/splurgeart/image/upload/v1713066419/swanling/nhnkaqmg2zmturhmjqov.jpg,https://res.cloudinary.com/splurgeart/image/upload/v1713066421/swanling/q7djzupveewvur0qkuvk.jpg,https://res.cloudinary.com/splurgeart/image/upload/v1713066423/swanling/zou5a3qnatlai5kkg3k9.jpg,https://res.cloudinary.com/splurgeart/image/upload/v1713066424/swanling/qd5uiiz6wwwheooonrc3.jpg,,,,,
https://res.cloudinary.com/splurgeart/image/upload/v1713066567/swanling/eueme5z4xqqazgjsicae.jpg,https://res.cloudinary.com/splurgeart/image/upload/v1713066569/swanling/e86fha7on25wk7ianwrp.jpg,https://res.cloudinary.com/splurgeart/image/upload/v1713066571/swanling/vyotr3pvzf6kk1sz52i7.jpg,,,,,,,
https://res.cloudinary.com/splurgeart/image/upload/v1713066652/swanling/yae9iirgmssdm5phog09.jpg,https://res.cloudinary.com/splurgeart/image/upload/v1713066654/swanling/cbiuyf8emay1lbwavqlf.jpg,https://res.cloudinary.com/splurgeart/image/upload/v1713066655/swanling/choxtn4v6olvrhgkvugt.jpg,https://res.cloudinary.com/splurgeart/image/upload/v1713066657/swanling/u8bhdbunsb76jp8nhakm.jpg,,,,,,
"https://res.cloudinary.com/splurgeart/image/upload/c_crop,h_3584,w_2047,x_0,y_0/v1713152434/ai_art/prompt_prediction/vmaauimchmzrhfha1gju.jpg",,,,,,,,,
"https://res.cloudinary.com/splurgeart/image/upload/c_crop,h_1792,w_1023,x_0,y_0/v1713152952/ai_art/prompt_prediction/sr3asxhtzypzhpreq6ah.jpg",,,,,,,,,
"https://res.cloudinary.com/splurgeart/image/upload/c_crop,h_3584,w_2047,x_1,y_0/v1713322925/ai_art/prompt_prediction/dwfo2fqvvoaselbby1ll.jpg","https://res.cloudinary.com/splurgeart/image/upload/c_crop,h_3584,w_2048,x_0,y_0/v1713323325/ai_art/prompt_prediction/bxozvtlt2otkrkvbuwpw.jpg",,,,,,,,
"https://res.cloudinary.com/splurgeart/image/upload/c_crop,h_3584,w_2048,x_0,y_0/v1713418784/ai_art/prompt_prediction/d3xvy69gl0kg5h4gsrwk.jpg","https://res.cloudinary.com/splurgeart/image/upload/c_crop,h_3584,w_2047,x_0,y_0/v1713418811/ai_art/prompt_prediction/bykvn521yi0mng4dk658.jpg",,,,,,,,
"https://res.cloudinary.com/splurgeart/image/upload/c_crop,h_3584,w_2048,x_0,y_0/v1713471410/ai_art/prompt_prediction/vtzbtklpc3gxfboaieh3.jpg",,,,,,,,,
"https://res.cloudinary.com/splurgeart/image/upload/c_crop,h_3584,w_2048,x_0,y_0/v1713515706/ai_art/prompt_prediction/mzsiqgv7dmqxl2mmduce.jpg",,,,,,,,,
https://res.cloudinary.com/splurgeart/image/upload/v1713555833/swanling/geaqqjudjnenydwh3l51.jpg,https://res.cloudinary.com/splurgeart/image/upload/v1713555835/swanling/t4r3rrcgwvqujtzdcjxo.jpg,https://res.cloudinary.com/splurgeart/image/upload/v1713555837/swanling/jcpqgcajdnd5ia3tybo6.jpg,,,,,,,
https://res.cloudinary.com/splurgeart/image/upload/v1713557487/swanling/szurwxls1egjbga6r6si.jpg,https://res.cloudinary.com/splurgeart/image/upload/v1713557490/swanling/t2qzv54embl3lqqg51w3.jpg,https://res.cloudinary.com/splurgeart/image/upload/v1713557492/swanling/klmzjdvcrnmqryrmicol.jpg,,,,,,,
"https://res.cloudinary.com/splurgeart/image/upload/c_crop,h_2048,w_2048,x_0,y_0/v1713588588/ai_art/prompt_prediction/cxkje6b6adxlzhrq7wnn.jpg","https://res.cloudinary.com/splurgeart/image/upload/c_crop,h_2048,w_2048,x_0,y_0/v1713588517/ai_art/prompt_prediction/k7tkkjok95cag95g8bmv.jpg","https://res.cloudinary.com/splurgeart/image/upload/c_crop,h_2048,w_2048,x_0,y_0/v1713588473/ai_art/prompt_prediction/bawnvk0pr7e01du9yhb4.jpg",,,,,,,
"https://res.cloudinary.com/splurgeart/image/upload/c_crop,h_2048,w_2048,x_0,y_0/v1713588517/ai_art/prompt_prediction/k7tkkjok95cag95g8bmv.jpg","https://res.cloudinary.com/splurgeart/image/upload/c_crop,h_3584,w_2048,x_0,y_0/v1713588026/ai_art/prompt_prediction/akwr3px6rvs35mfabh0q.jpg","https://res.cloudinary.com/splurgeart/image/upload/c_crop,h_3584,w_2048,x_0,y_0/v1713588010/ai_art/prompt_prediction/trrttjkhyi3d0yyq6mpa.jpg",,,,,,,
"https://res.cloudinary.com/splurgeart/image/upload/c_crop,h_2048,w_2048,x_0,y_0/v1713611096/ai_art/prompt_prediction/mx13wmhnv6vjq4ffv9qx.jpg","https://res.cloudinary.com/splurgeart/image/upload/c_crop,h_2048,w_2048,x_0,y_0/v1713611128/ai_art/prompt_prediction/hijipiw4kowvan3gkg1i.jpg",,,,,,,,
"https://res.cloudinary.com/splurgeart/image/upload/c_crop,h_2048,w_2048,x_0,y_0/v1713611096/ai_art/prompt_prediction/mx13wmhnv6vjq4ffv9qx.jpg","https://res.cloudinary.com/splurgeart/image/upload/c_crop,h_2048,w_2048,x_0,y_0/v1713611128/ai_art/prompt_prediction/hijipiw4kowvan3gkg1i.jpg",,,,,,,,
"https://res.cloudinary.com/splurgeart/image/upload/c_crop,h_3584,w_2047,x_0,y_0/v1713668629/ai_art/prompt_prediction/m5rdthlhqtuuoh7ioljx.jpg","https://res.cloudinary.com/splurgeart/image/upload/c_crop,h_2048,w_2048,x_0,y_0/v1713611096/ai_art/prompt_prediction/mx13wmhnv6vjq4ffv9qx.jpg","https://res.cloudinary.com/splurgeart/image/upload/c_crop,h_2048,w_2048,x_0,y_0/v1713611128/ai_art/prompt_prediction/hijipiw4kowvan3gkg1i.jpg",,,,,,,
"https://res.cloudinary.com/splurgeart/image/upload/c_crop,h_3584,w_2047,x_0,y_0/v1713668629/ai_art/prompt_prediction/m5rdthlhqtuuoh7ioljx.jpg","https://res.cloudinary.com/splurgeart/image/upload/c_crop,h_2048,w_2048,x_0,y_0/v1713611096/ai_art/prompt_prediction/mx13wmhnv6vjq4ffv9qx.jpg","https://res.cloudinary.com/splurgeart/image/upload/c_crop,h_2048,w_2048,x_0,y_0/v1713611128/ai_art/prompt_prediction/hijipiw4kowvan3gkg1i.jpg",,,,,,,
"https://res.cloudinary.com/splurgeart/image/upload/c_crop,h_3584,w_2048,x_0,y_0/v1713670879/ai_art/prompt_prediction/tndnydnwnuw3qjjsbfvl.jpg","https://res.cloudinary.com/splurgeart/image/upload/c_crop,h_3584,w_2047,x_0,y_0/v1713668629/ai_art/prompt_prediction/m5rdthlhqtuuoh7ioljx.jpg","https://res.cloudinary.com/splurgeart/image/upload/c_crop,h_2048,w_2048,x_0,y_0/v1713611096/ai_art/prompt_prediction/mx13wmhnv6vjq4ffv9qx.jpg","https://res.cloudinary.com/splurgeart/image/upload/c_crop,h_2048,w_2048,x_0,y_0/v1713611128/ai_art/prompt_prediction/hijipiw4kowvan3gkg1i.jpg",,,,,,
"https://res.cloudinary.com/splurgeart/image/upload/c_crop,h_2048,w_3584,x_0,y_0/v1713838374/ai_art/prompt_prediction/u8x559ppeaeiqqxs31tf.jpg",,,,,,,,,
"https://res.cloudinary.com/splurgeart/image/upload/c_crop,h_3584,w_2047,x_0,y_0/v1713925314/ai_art/prompt_prediction/y2wrlbwlunsts27wdr9m.jpg",,,,,,,,,
"https://res.cloudinary.com/splurgeart/image/upload/c_crop,h_4096,w_3072,x_0,y_0/v1714033315/ai_art/prompt_prediction/kia8mpsd2fkytedr2vxu.jpg","https://res.cloudinary.com/splurgeart/image/upload/c_crop,h_3584,w_2047,x_0,y_0/v1714038880/ai_art/prompt_prediction/kczmdpysoczrjkvsxeas.jpg","https://res.cloudinary.com/splurgeart/image/upload/c_crop,h_3584,w_2048,x_0,y_0/v1714038862/ai_art/prompt_prediction/wixhdkufpag04gl7oisl.jpg","https://res.cloudinary.com/splurgeart/image/upload/c_crop,h_3584,w_2047,x_0,y_0/v1714038907/ai_art/prompt_prediction/uot0kgouvqb7bvqjhihg.jpg","https://res.cloudinary.com/splurgeart/image/upload/c_crop,h_2048,w_3584,x_0,y_0/v1714038961/ai_art/prompt_prediction/gzz8qcyz5ewyxi2cbcv7.jpg",,,,,
https://res.cloudinary.com/splurgeart/image/upload/v1714102675/swanling/c2at28yxlhfibdaf0ywt.png,https://res.cloudinary.com/splurgeart/image/upload/v1714102679/swanling/xcz84hlzc7h2go6pybn9.jpg,https://res.cloudinary.com/splurgeart/image/upload/v1714102682/swanling/xage9jxwq0069e5dlfl8.jpg,https://res.cloudinary.com/splurgeart/image/upload/v1714102684/swanling/jadagmcesewbvg4sb9p9.jpg,,,,,,
https://res.cloudinary.com/splurgeart/image/upload/v1714102824/swanling/z5zc6sz68kak08g0xky9.jpg,https://res.cloudinary.com/splurgeart/image/upload/v1714102826/swanling/za0wtnrrysyuba4nnvcm.jpg,https://res.cloudinary.com/splurgeart/image/upload/v1714102829/swanling/sfvvi0pg3wz9rylsqlfa.jpg,https://res.cloudinary.com/splurgeart/image/upload/v1714102831/swanling/xjbgxhi1mpxb8h8zecwq.jpg,https://res.cloudinary.com/splurgeart/image/upload/v1714102833/swanling/cj5tm8sj99o2ygcuqclp.jpg,,,,,
https://res.cloudinary.com/splurgeart/image/upload/v1714103237/swanling/ctyhyjmpkrh8pkndmdoz.png,https://res.cloudinary.com/splurgeart/image/upload/v1714103241/swanling/p6rskpbhmobkpxw9stnk.jpg,,,,,,,,
https://res.cloudinary.com/splurgeart/image/upload/v1714103366/swanling/pzrvdjj7whxdkv2cpw1q.jpg,https://res.cloudinary.com/splurgeart/image/upload/v1714103368/swanling/zwon548wr5kmsacnikaw.jpg,https://res.cloudinary.com/splurgeart/image/upload/v1714103371/swanling/eydrzsncacgeke53e3ue.jpg,,,,,,,
https://res.cloudinary.com/splurgeart/image/upload/v1714189270/swanling/pqs4efpxabarmcucfgtx.jpg,,,,,,,,,
"https://res.cloudinary.com/splurgeart/image/upload/c_crop,h_2048,w_2048,x_0,y_0/v1714362045/ai_art/prompt_prediction/esx0tlmkvestwkgsk7zf.jpg","https://res.cloudinary.com/splurgeart/image/upload/c_crop,h_2048,w_2048,x_0,y_0/v1714362076/ai_art/prompt_prediction/z65yqbwuawuc8pcf7tx8.jpg",,,,,,,,
"https://res.cloudinary.com/splurgeart/image/upload/c_crop,h_3584,w_2048,x_0,y_0/v1714357297/ai_art/prompt_prediction/buadvj7m6ml6acivat8n.jpg",,,,,,,,,
"https://res.cloudinary.com/splurgeart/image/upload/c_crop,h_4096,w_3071,x_0,y_0/v1714440672/ai_art/prompt_prediction/tuavlmiviit2rjpecipq.jpg",,,,,,,,,
https://res.cloudinary.com/splurgeart/image/upload/v1714708744/swanling/izoodblsdviu6ypuqttk.jpg,,,,,,,,,
https://res.cloudinary.com/splurgeart/image/upload/v1714722088/swanling/brzwxxsilswfvslxyx2b.jpg,https://res.cloudinary.com/splurgeart/image/upload/v1714722091/swanling/cm2brxy4huojthscrpfo.jpg,,,,,,,,
"https://res.cloudinary.com/splurgeart/image/upload/c_crop,h_4096,w_3072,x_0,y_0/v1714757395/ai_art/prompt_prediction/rlbuequ5iugq35yw0l4f.jpg",,,,,,,,,
"https://res.cloudinary.com/splurgeart/image/upload/c_crop,h_4096,w_3072,x_0,y_0/v1714758060/ai_art/prompt_prediction/fywbtidvnulgbkf2rvom.jpg",,,,,,,,,
"https://res.cloudinary.com/splurgeart/image/upload/c_crop,h_3584,w_2048,x_0,y_0/v1714931142/ai_art/prompt_prediction/pq8m7cyudkpsngehz8xl.jpg",,,,,,,,,
"https://res.cloudinary.com/splurgeart/image/upload/c_crop,h_2048,w_2048,x_0,y_0/v1714962684/ai_art/prompt_prediction/k0xbf3wybm0lyuwlvv6f.jpg","https://res.cloudinary.com/splurgeart/image/upload/c_crop,h_4096,w_4096,x_0,y_0/v1714962917/ai_art/prompt_prediction/uazq4hvlyy0lkw3mm68s.jpg","https://res.cloudinary.com/splurgeart/image/upload/c_crop,h_2048,w_2048,x_0,y_0/v1714967341/ai_art/prompt_prediction/vowwhhjitd02pycxsnju.jpg","https://res.cloudinary.com/splurgeart/image/upload/c_crop,h_2048,w_2048,x_0,y_0/v1714967357/ai_art/prompt_prediction/dcsisns9eo0tv411rlzp.jpg",,,,,,
"https://res.cloudinary.com/splurgeart/image/upload/c_crop,h_4096,w_4096,x_0,y_0/v1714962917/ai_art/prompt_prediction/uazq4hvlyy0lkw3mm68s.jpg","https://res.cloudinary.com/splurgeart/image/upload/c_crop,h_2048,w_2048,x_0,y_0/v1714962684/ai_art/prompt_prediction/k0xbf3wybm0lyuwlvv6f.jpg","https://res.cloudinary.com/splurgeart/image/upload/c_crop,h_2048,w_2048,x_0,y_0/v1714967341/ai_art/prompt_prediction/vowwhhjitd02pycxsnju.jpg","https://res.cloudinary.com/splurgeart/image/upload/c_crop,h_2048,w_2048,x_0,y_0/v1714967357/ai_art/prompt_prediction/dcsisns9eo0tv411rlzp.jpg",,,,,,
"https://res.cloudinary.com/splurgeart/image/upload/c_crop,h_2048,w_2048,x_0,y_0/v1715116685/ai_art/prompt_prediction/rb68yripszysdatjwaur.jpg","https://res.cloudinary.com/splurgeart/image/upload/c_crop,h_2048,w_2048,x_0,y_0/v1715112315/ai_art/prompt_prediction/qnbbqhegykhrenwu5fj5.jpg","https://res.cloudinary.com/splurgeart/image/upload/c_crop,h_2048,w_2048,x_0,y_0/v1715112587/ai_art/prompt_prediction/bxya2iclfywk7xo0gnbk.jpg",,,,,,,
"https://res.cloudinary.com/splurgeart/image/upload/c_crop,h_2048,w_2048,x_0,y_0/v1715223634/ai_art/prompt_prediction/dhdr9eeikqpyoqw4ldde.jpg","https://res.cloudinary.com/splurgeart/image/upload/c_crop,h_2048,w_2048,x_0,y_0/v1715223706/ai_art/prompt_prediction/ornswyty4vw0y6ggxzad.jpg","https://res.cloudinary.com/splurgeart/image/upload/c_crop,h_2048,w_2048,x_0,y_0/v1715224334/ai_art/prompt_prediction/xndlehkarlugepenlilz.jpg","https://res.cloudinary.com/splurgeart/image/upload/c_crop,h_2048,w_2048,x_0,y_0/v1715223769/ai_art/prompt_prediction/qzzl63fy9jwbhlqyot86.jpg",,,,,,
"https://res.cloudinary.com/splurgeart/image/upload/c_crop,h_2048,w_2048,x_0,y_0/v1715223634/ai_art/prompt_prediction/dhdr9eeikqpyoqw4ldde.jpg","https://res.cloudinary.com/splurgeart/image/upload/c_crop,h_2048,w_2048,x_0,y_0/v1715223706/ai_art/prompt_prediction/ornswyty4vw0y6ggxzad.jpg",,,,,,,,
"https://res.cloudinary.com/splurgeart/image/upload/c_crop,h_2048,w_2048,x_0,y_0/v1715223706/ai_art/prompt_prediction/ornswyty4vw0y6ggxzad.jpg","https://res.cloudinary.com/splurgeart/image/upload/c_crop,h_2048,w_2048,x_0,y_0/v1715223634/ai_art/prompt_prediction/dhdr9eeikqpyoqw4ldde.jpg",,,,,,,,
"https://res.cloudinary.com/splurgeart/image/upload/c_crop,h_2048,w_2048,x_0,y_0/v1715327606/ai_art/prompt_prediction/xjyumjqwt6r9ezgl92xz.jpg","https://res.cloudinary.com/splurgeart/image/upload/c_crop,h_2048,w_2048,x_0,y_0/v1715327596/ai_art/prompt_prediction/suyy0qfmnc8j1jwt73c8.jpg","https://res.cloudinary.com/splurgeart/image/upload/c_crop,h_1024,w_1024,x_0,y_0/v1715327491/ai_art/prompt_prediction/e4j4h0blpuksjj5f9r3f.jpg","https://res.cloudinary.com/splurgeart/image/upload/c_crop,h_2048,w_2048,x_0,y_0/v1715327510/ai_art/prompt_prediction/fxym5qcyh1qriuzilzib.jpg",,,,,,
"https://res.cloudinary.com/splurgeart/image/upload/c_crop,h_3584,w_2047,x_0,y_0/v1715366910/ai_art/prompt_prediction/si12pkcdzkvkiydfigxn.jpg","https://res.cloudinary.com/splurgeart/image/upload/c_crop,h_3584,w_2048,x_0,y_0/v1715367331/ai_art/prompt_prediction/lwhwzjhxswdk41rlvao9.jpg",,,,,,,,
"https://res.cloudinary.com/splurgeart/image/upload/c_crop,h_3584,w_2048,x_0,y_0/v1715485264/ai_art/prompt_prediction/wbf7hltedy2cbpoght6v.jpg","https://res.cloudinary.com/splurgeart/image/upload/c_crop,h_2048,w_2048,x_0,y_0/v1715485435/ai_art/prompt_prediction/iowkgbvbs1h4ka8im0xo.jpg","https://res.cloudinary.com/splurgeart/image/upload/c_crop,h_3584,w_2048,x_0,y_0/v1715485236/ai_art/prompt_prediction/gf4ga9xbrzumuz9m6or3.jpg","https://res.cloudinary.com/splurgeart/image/upload/c_crop,h_3584,w_2048,x_0,y_0/v1715485293/ai_art/prompt_prediction/qolfkdfn0usftxzbwike.jpg","https://res.cloudinary.com/splurgeart/image/upload/c_crop,h_3584,w_2048,x_0,y_0/v1715485231/ai_art/prompt_prediction/tt1d1ifed3ltotvdc6qv.jpg",,,,,
"https://res.cloudinary.com/splurgeart/image/upload/c_crop,h_3584,w_2048,x_0,y_0/v1715485264/ai_art/prompt_prediction/wbf7hltedy2cbpoght6v.jpg","https://res.cloudinary.com/splurgeart/image/upload/c_crop,h_2048,w_2048,x_0,y_0/v1715485435/ai_art/prompt_prediction/iowkgbvbs1h4ka8im0xo.jpg","https://res.cloudinary.com/splurgeart/image/upload/c_crop,h_3584,w_2048,x_0,y_0/v1715485293/ai_art/prompt_prediction/qolfkdfn0usftxzbwike.jpg","https://res.cloudinary.com/splurgeart/image/upload/c_crop,h_3584,w_2048,x_0,y_0/v1715485236/ai_art/prompt_prediction/gf4ga9xbrzumuz9m6or3.jpg","https://res.cloudinary.com/splurgeart/image/upload/c_crop,h_2048,w_3584,x_0,y_0/v1715485876/ai_art/prompt_prediction/uvqk4rwxwxkeuvzneqmw.jpg","https://res.cloudinary.com/splurgeart/image/upload/c_crop,h_1792,w_1024,x_0,y_0/v1715485149/ai_art/prompt_prediction/gjpahurusrr6gzxz8qxd.jpg",,,,
"https://res.cloudinary.com/splurgeart/image/upload/c_crop,h_3584,w_2048,x_0,y_0/v1715530220/ai_art/prompt_prediction/dyh22wemcie5w6ywvavj.jpg",,,,,,,,,
"https://res.cloudinary.com/splurgeart/image/upload/c_crop,h_4096,w_3071,x_0,y_0/v1715529588/ai_art/prompt_prediction/px5inbydr0jvub1ap0pk.jpg","https://res.cloudinary.com/splurgeart/image/upload/c_crop,h_4096,w_3071,x_0,y_0/v1715530307/ai_art/prompt_prediction/ounurlhkzw0puyxjolpj.jpg",,,,,,,,
"https://res.cloudinary.com/splurgeart/image/upload/c_crop,h_3584,w_2047,x_1,y_0/v1715539387/ai_art/prompt_prediction/k7gvhntnibhncdds0but.jpg","https://res.cloudinary.com/splurgeart/image/upload/c_crop,h_3584,w_2047,x_0,y_0/v1715531134/ai_art/prompt_prediction/keapwecczjazy53k4brs.jpg","https://res.cloudinary.com/splurgeart/image/upload/c_crop,h_3584,w_2048,x_0,y_0/v1715531216/ai_art/prompt_prediction/n2zjrmuwztruzeexo8ji.jpg",,,,,,,
"https://res.cloudinary.com/splurgeart/image/upload/c_crop,h_3584,w_2048,x_0,y_0/v1715712969/ai_art/prompt_prediction/dcnaok2txxbq7fandmud.jpg",,,,,,,,,
"https://res.cloudinary.com/splurgeart/image/upload/c_crop,h_3584,w_2047,x_0,y_0/v1715713962/ai_art/prompt_prediction/xrlvvhjcm9bfbaoknmj1.jpg",,,,,,,,,
https://res.cloudinary.com/splurgeart/image/upload/v1715717558/swanling/tbqsrpyqti9tfxrm1gcm.png,https://res.cloudinary.com/splurgeart/image/upload/v1715717560/swanling/fu0gxgjeeods8gdcabo0.jpg,,,,,,,,
https://res.cloudinary.com/splurgeart/image/upload/v1715717746/swanling/wr06bvfpfidy97fmsdyo.jpg,https://res.cloudinary.com/splurgeart/image/upload/v1715717749/swanling/foe6afiehwcswf4fs0rb.jpg,,,,,,,,
"https://res.cloudinary.com/splurgeart/image/upload/c_crop,h_3584,w_2048,x_0,y_0/v1715718292/ai_art/prompt_prediction/teahtmhacd6rmj0vtzsq.jpg","https://res.cloudinary.com/splurgeart/image/upload/c_crop,h_3584,w_2048,x_0,y_0/v1715712969/ai_art/prompt_prediction/dcnaok2txxbq7fandmud.jpg","https://res.cloudinary.com/splurgeart/image/upload/c_crop,h_3584,w_2047,x_0,y_0/v1715713962/ai_art/prompt_prediction/xrlvvhjcm9bfbaoknmj1.jpg",,,,,,,
"https://res.cloudinary.com/splurgeart/image/upload/c_crop,h_3584,w_2048,x_0,y_0/v1715914288/ai_art/prompt_prediction/uilngvuycpbsklout4xb.jpg","https://res.cloudinary.com/splurgeart/image/upload/c_crop,h_3584,w_2048,x_0,y_0/v1715914320/ai_art/prompt_prediction/iv5v8rdmvwhxnzsqawvo.jpg",,,,,,,,
"https://res.cloudinary.com/splurgeart/image/upload/c_crop,h_3584,w_2047,x_1,y_0/v1716002701/ai_art/prompt_prediction/a6p9hua8mnqabnayobj8.jpg","https://res.cloudinary.com/splurgeart/image/upload/c_crop,h_3584,w_2047,x_0,y_0/v1716002830/ai_art/prompt_prediction/fujgjg38cbq7miujsbvm.jpg","https://res.cloudinary.com/splurgeart/image/upload/c_crop,h_3584,w_2047,x_0,y_0/v1716001710/ai_art/prompt_prediction/kqqool2hpuafpch9qmed.jpg",,,,,,,
"https://res.cloudinary.com/splurgeart/image/upload/c_crop,h_3584,w_2047,x_1,y_0/v1716002701/ai_art/prompt_prediction/a6p9hua8mnqabnayobj8.jpg","https://res.cloudinary.com/splurgeart/image/upload/c_crop,h_3584,w_2048,x_0,y_0/v1716004219/ai_art/prompt_prediction/wgncsvdt8az0t7a0mvdm.jpg","https://res.cloudinary.com/splurgeart/image/upload/c_crop,h_3584,w_2048,x_0,y_0/v1716004055/ai_art/prompt_prediction/dbmqij6mpwq3hqgva4vl.jpg","https://res.cloudinary.com/splurgeart/image/upload/c_crop,h_3584,w_2047,x_0,y_0/v1716002830/ai_art/prompt_prediction/fujgjg38cbq7miujsbvm.jpg",,,,,,
"https://res.cloudinary.com/splurgeart/image/upload/c_crop,h_3584,w_2047,x_0,y_0/v1716090471/ai_art/prompt_prediction/ggjjwasr4nuqsdca93ia.jpg",,,,,,,,,
"https://res.cloudinary.com/splurgeart/image/upload/c_crop,h_4096,w_3072,x_0,y_0/v1716175028/ai_art/prompt_prediction/ncfk3bftsasepxwwq3jz.jpg",,,,,,,,,
"https://res.cloudinary.com/splurgeart/image/upload/c_crop,h_2048,w_2048,x_0,y_0/v1716183224/ai_art/prompt_prediction/ueqdkcto8bjkgshyrvwz.jpg","https://res.cloudinary.com/splurgeart/image/upload/c_crop,h_2048,w_2048,x_0,y_0/v1716183342/ai_art/prompt_prediction/tcrydmwtikgnbo3my4sf.jpg","https://res.cloudinary.com/splurgeart/image/upload/c_crop,h_4096,w_3071,x_0,y_0/v1716183158/ai_art/prompt_prediction/nydfwh8liwqhv5etyyma.jpg","https://res.cloudinary.com/splurgeart/image/upload/c_crop,h_2048,w_2048,x_0,y_0/v1716183134/ai_art/prompt_prediction/rxzywjt7qg5bp5rseabc.jpg","https://res.cloudinary.com/splurgeart/image/upload/c_crop,h_4096,w_3072,x_0,y_0/v1716183121/ai_art/prompt_prediction/uutdzjtcru2yn9iqliom.jpg",,,,,
"https://res.cloudinary.com/splurgeart/image/upload/c_crop,h_3584,w_2047,x_0,y_0/v1716319414/ai_art/prompt_prediction/qodxzpzdlyrqbpifkaau.jpg",,,,,,,,,
"https://res.cloudinary.com/splurgeart/image/upload/c_crop,h_3584,w_2047,x_0,y_0/v1716319414/ai_art/prompt_prediction/qodxzpzdlyrqbpifkaau.jpg","https://res.cloudinary.com/splurgeart/image/upload/c_crop,h_3584,w_2047,x_0,y_0/v1716319738/ai_art/prompt_prediction/gsimofe3u7uwwv6ndxe2.jpg",,,,,,,,
"https://res.cloudinary.com/splurgeart/image/upload/c_crop,h_3584,w_2048,x_0,y_0/v1716521132/ai_art/prompt_prediction/jeytfyznui0tvlgp2qjk.jpg",,,,,,,,,
"https://res.cloudinary.com/splurgeart/image/upload/c_crop,h_3584,w_2048,x_0,y_0/v1716588892/ai_art/prompt_prediction/ywaprg1vw8wz6vv8vb5w.jpg","https://res.cloudinary.com/splurgeart/image/upload/c_crop,h_3584,w_2046,x_1,y_0/v1716587703/ai_art/prompt_prediction/swapqpzpt4sfj7hkmd8a.jpg","https://res.cloudinary.com/splurgeart/image/upload/c_crop,h_4096,w_3072,x_0,y_0/v1716572797/ai_art/prompt_prediction/f3oked1gdjtigcevkvyu.jpg",,,,,,,
"https://res.cloudinary.com/splurgeart/image/upload/c_crop,h_2048,w_2048,x_0,y_0/v1716695198/ai_art/prompt_prediction/lzkgxxlj2gmcusejmpkr.jpg","https://res.cloudinary.com/splurgeart/image/upload/c_crop,h_2048,w_3584,x_0,y_0/v1716695268/ai_art/prompt_prediction/ycakguzdxdpdugjfrw3m.jpg","https://res.cloudinary.com/splurgeart/image/upload/c_crop,h_1792,w_1024,x_0,y_0/v1716690334/ai_art/prompt_prediction/joqqjsgqsigtwgffvetw.jpg","https://res.cloudinary.com/splurgeart/image/upload/c_crop,h_3584,w_2048,x_0,y_0/v1716695177/ai_art/prompt_prediction/exljnsruutslwa2nc8b2.jpg","https://res.cloudinary.com/splurgeart/image/upload/c_crop,h_3584,w_2048,x_0,y_0/v1716695191/ai_art/prompt_prediction/lo9udmodh1pbro5qwqew.jpg",,,,,
"https://res.cloudinary.com/splurgeart/image/upload/c_crop,h_3584,w_2048,x_0,y_0/v1716779282/ai_art/prompt_prediction/ocdsrjqkqd3d0ijjdv59.jpg","https://res.cloudinary.com/splurgeart/image/upload/c_crop,h_3584,w_2048,x_0,y_0/v1716779363/ai_art/prompt_prediction/hmtunr1xlscpxwnrfd2s.jpg","https://res.cloudinary.com/splurgeart/image/upload/c_crop,h_2048,w_2048,x_0,y_0/v1716779323/ai_art/prompt_prediction/ciiddzamq1ugrlsvzmky.jpg","https://res.cloudinary.com/splurgeart/image/upload/c_crop,h_2048,w_2048,x_0,y_0/v1716779378/ai_art/prompt_prediction/gpth9utmcogawisyhbjb.jpg","https://res.cloudinary.com/splurgeart/image/upload/c_crop,h_2048,w_2048,x_0,y_0/v1716778386/ai_art/prompt_prediction/v9uh9xu6ze7hwwle0ay8.jpg",,,,,
"https://res.cloudinary.com/splurgeart/image/upload/c_crop,h_3584,w_2047,x_0,y_0/v1716958882/ai_art/prompt_prediction/mcakqcf8agyh1g53pbox.jpg",,,,,,,,,
"https://res.cloudinary.com/splurgeart/image/upload/c_crop,h_2048,w_2048,x_0,y_0/v1717189932/ai_art/prompt_prediction/xzwj6yaan5hjwiowok8v.jpg","https://res.cloudinary.com/splurgeart/image/upload/c_crop,h_2048,w_2048,x_0,y_0/v1717189852/ai_art/prompt_prediction/ckgstiwqkybdfdfhavwq.jpg","https://res.cloudinary.com/splurgeart/image/upload/c_crop,h_2048,w_2048,x_0,y_0/v1717189743/ai_art/prompt_prediction/toflpoymkptythmr3w3a.jpg","https://res.cloudinary.com/splurgeart/image/upload/c_crop,h_2048,w_2048,x_0,y_0/v1717189981/ai_art/prompt_prediction/zk5zen81fs0a9exgnyzh.jpg",,,,,,
"https://res.cloudinary.com/splurgeart/image/upload/c_crop,h_2048,w_2048,x_0,y_0/v1717189981/ai_art/prompt_prediction/zk5zen81fs0a9exgnyzh.jpg","https://res.cloudinary.com/splurgeart/image/upload/c_crop,h_2048,w_2048,x_0,y_0/v1717189743/ai_art/prompt_prediction/toflpoymkptythmr3w3a.jpg","https://res.cloudinary.com/splurgeart/image/upload/c_crop,h_2048,w_2048,x_0,y_0/v1717189932/ai_art/prompt_prediction/xzwj6yaan5hjwiowok8v.jpg","https://res.cloudinary.com/splurgeart/image/upload/c_crop,h_2048,w_2048,x_0,y_0/v1717189852/ai_art/prompt_prediction/ckgstiwqkybdfdfhavwq.jpg",,,,,,
"https://res.cloudinary.com/splurgeart/image/upload/c_crop,h_3584,w_2048,x_0,y_0/v1717389596/ai_art/prompt_prediction/okb0etagbeae2rrz6vn3.jpg","https://res.cloudinary.com/splurgeart/image/upload/c_crop,h_3584,w_2047,x_0,y_0/v1717389626/ai_art/prompt_prediction/m0ynjx9uttntntfy3axz.jpg",,,,,,,,
"https://res.cloudinary.com/splurgeart/image/upload/c_crop,h_2048,w_2048,x_0,y_0/v1717402032/ai_art/prompt_prediction/frsh7ato9uldvutkbszd.jpg","https://res.cloudinary.com/splurgeart/image/upload/c_crop,h_2048,w_2048,x_0,y_0/v1717401767/ai_art/prompt_prediction/ew84oxacfkolbkxcqxpx.jpg","https://res.cloudinary.com/splurgeart/image/upload/c_crop,h_3584,w_2047,x_0,y_0/v1717401526/ai_art/prompt_prediction/qyysxbpsdown1vuzteca.jpg",,,,,,,
"https://res.cloudinary.com/splurgeart/image/upload/c_crop,h_3584,w_2048,x_0,y_0/v1717552433/ai_art/prompt_prediction/xhhutto7obzlqff1mnng.jpg","https://res.cloudinary.com/splurgeart/image/upload/c_crop,h_3584,w_2048,x_0,y_0/v1717552410/ai_art/prompt_prediction/crofghi7tdecufhbrkh2.jpg","https://res.cloudinary.com/splurgeart/image/upload/c_crop,h_3584,w_2048,x_0,y_0/v1717552480/ai_art/prompt_prediction/bkfz7tvruv0fcoeb1ixm.jpg","https://res.cloudinary.com/splurgeart/image/upload/c_crop,h_4096,w_3072,x_0,y_0/v1717552338/ai_art/prompt_prediction/ikle83jstxztdgii2yob.jpg","https://res.cloudinary.com/splurgeart/image/upload/c_crop,h_4096,w_3071,x_0,y_0/v1717552224/ai_art/prompt_prediction/bw1dezzpugs5gvqopkci.jpg",,,,,
"https://res.cloudinary.com/splurgeart/image/upload/c_crop,h_3584,w_2048,x_0,y_0/v1717731336/ai_art/prompt_prediction/ca8aokoshfgbfbvdoycy.jpg","https://res.cloudinary.com/splurgeart/image/upload/c_crop,h_3584,w_2047,x_0,y_0/v1717731487/ai_art/prompt_prediction/pr0z1gzuuawb4rj50wv4.jpg","https://res.cloudinary.com/splurgeart/image/upload/c_crop,h_3584,w_2048,x_0,y_0/v1717731471/ai_art/prompt_prediction/u6zn0fguc24zrner6pgy.jpg","https://res.cloudinary.com/splurgeart/image/upload/c_crop,h_3584,w_2047,x_1,y_0/v1717731422/ai_art/prompt_prediction/sj3co6oj7eyyukuiznbz.jpg",,,,,,
"https://res.cloudinary.com/splurgeart/image/upload/c_crop,h_3584,w_2047,x_0,y_0/v1717902868/ai_art/prompt_prediction/poc6nh8yiamvhi3y30sh.jpg","https://res.cloudinary.com/splurgeart/image/upload/c_crop,h_3584,w_2047,x_0,y_0/v1717903128/ai_art/prompt_prediction/hcqyixl9jwjzq0zhywwm.jpg","https://res.cloudinary.com/splurgeart/image/upload/c_crop,h_3584,w_2047,x_0,y_0/v1717901537/ai_art/prompt_prediction/yslegqryyg15yvhc1son.jpg","https://res.cloudinary.com/splurgeart/image/upload/c_crop,h_3584,w_2048,x_0,y_0/v1717904780/ai_art/prompt_prediction/ffiy3f4zsaghaknjgp62.jpg",,,,,,
"https://res.cloudinary.com/splurgeart/image/upload/c_crop,h_3584,w_2048,x_0,y_0/v1718161177/ai_art/prompt_prediction/nwfhqlw4wu9yqnudlcqq.jpg","https://res.cloudinary.com/splurgeart/image/upload/c_crop,h_3584,w_2048,x_0,y_0/v1718161208/ai_art/prompt_prediction/ffu25n8qcntdbmortyy0.jpg","https://res.cloudinary.com/splurgeart/image/upload/c_crop,h_4096,w_3071,x_0,y_0/v1718161252/ai_art/prompt_prediction/htwo7mxfarpbrcuo70cq.jpg","https://res.cloudinary.com/splurgeart/image/upload/c_crop,h_4096,w_3071,x_0,y_0/v1718161271/ai_art/prompt_prediction/zldt0m1uammtcodariyi.jpg",,,,,,
"https://res.cloudinary.com/splurgeart/image/upload/c_crop,h_3584,w_2047,x_0,y_0/v1718335906/ai_art/prompt_prediction/b2rcs5dgi3dhatsdpfed.jpg","https://res.cloudinary.com/splurgeart/image/upload/c_crop,h_3584,w_2048,x_0,y_0/v1718335751/ai_art/prompt_prediction/sllgcprtxkqkwhbccowh.jpg","https://res.cloudinary.com/splurgeart/image/upload/c_crop,h_3584,w_2047,x_0,y_0/v1718335769/ai_art/prompt_prediction/vqcd4wyyjmzj2govz8fd.jpg","https://res.cloudinary.com/splurgeart/image/upload/c_crop,h_3584,w_2047,x_0,y_0/v1718336170/ai_art/prompt_prediction/fprm1kq3fgaog81idrxl.jpg","https://res.cloudinary.com/splurgeart/image/upload/c_crop,h_3584,w_2047,x_0,y_0/v1718335980/ai_art/prompt_prediction/tcsjlotmxohuzfar5rn7.jpg","https://res.cloudinary.com/splurgeart/image/upload/c_crop,h_3584,w_2047,x_1,y_0/v1718336027/ai_art/prompt_prediction/osslx9gn9eg8eqgle4dy.jpg",,,,
"https://res.cloudinary.com/splurgeart/image/upload/c_crop,h_3584,w_2048,x_0,y_0/v1718335751/ai_art/prompt_prediction/sllgcprtxkqkwhbccowh.jpg","https://res.cloudinary.com/splurgeart/image/upload/c_crop,h_3584,w_2047,x_0,y_0/v1718336170/ai_art/prompt_prediction/fprm1kq3fgaog81idrxl.jpg","https://res.cloudinary.com/splurgeart/image/upload/c_crop,h_3584,w_2047,x_0,y_0/v1718335769/ai_art/prompt_prediction/vqcd4wyyjmzj2govz8fd.jpg","https://res.cloudinary.com/splurgeart/image/upload/c_crop,h_3584,w_2047,x_0,y_0/v1718335801/ai_art/prompt_prediction/qepusox6bqhfcdfigeyg.jpg","https://res.cloudinary.com/splurgeart/image/upload/c_crop,h_3584,w_2047,x_0,y_0/v1718335980/ai_art/prompt_prediction/tcsjlotmxohuzfar5rn7.jpg","https://res.cloudinary.com/splurgeart/image/upload/c_crop,h_3584,w_2047,x_1,y_0/v1718336027/ai_art/prompt_prediction/osslx9gn9eg8eqgle4dy.jpg",,,,
"https://res.cloudinary.com/splurgeart/image/upload/c_crop,h_3584,w_2048,x_0,y_0/v1718594109/ai_art/prompt_prediction/lktalnnpyhlzd2oodxx5.jpg",,,,,,,,,
"https://res.cloudinary.com/splurgeart/image/upload/c_crop,h_3584,w_2047,x_0,y_0/v1718596028/ai_art/prompt_prediction/tsi5of4lwm8uesptodhc.jpg",,,,,,,,,
"https://res.cloudinary.com/splurgeart/image/upload/c_crop,h_3584,w_2048,x_0,y_0/v1718767648/ai_art/prompt_prediction/easvlozzx9qbb7qmdx6i.jpg","https://res.cloudinary.com/splurgeart/image/upload/c_crop,h_2049,w_3584,x_0,y_-0/v1718772991/ai_art/prompt_prediction/uncyvh0rwiszvqucnqhs.jpg","https://res.cloudinary.com/splurgeart/image/upload/c_crop,h_3584,w_2048,x_0,y_0/v1718768778/ai_art/prompt_prediction/fwwbddrdpngylr2l2yjd.jpg","https://res.cloudinary.com/splurgeart/image/upload/c_crop,h_2049,w_3584,x_0,y_-0/v1718772134/ai_art/prompt_prediction/adamofnquuzbkz2vbjiv.jpg","https://res.cloudinary.com/splurgeart/image/upload/c_crop,h_3584,w_2048,x_0,y_0/v1718764768/ai_art/prompt_prediction/sew2hycjpr79totnymdr.jpg","https://res.cloudinary.com/splurgeart/image/upload/c_crop,h_3584,w_2048,x_0,y_0/v1718764720/ai_art/prompt_prediction/gfgpqeu6i4d2lpyxvmby.jpg","https://res.cloudinary.com/splurgeart/image/upload/c_crop,h_3584,w_2047,x_0,y_0/v1718764697/ai_art/prompt_prediction/oixumaeukakyodffjbre.jpg",,,
"https://res.cloudinary.com/splurgeart/image/upload/c_crop,h_3584,w_2048,x_0,y_0/v1718767648/ai_art/prompt_prediction/easvlozzx9qbb7qmdx6i.jpg","https://res.cloudinary.com/splurgeart/image/upload/c_crop,h_3584,w_2048,x_0,y_0/v1718768778/ai_art/prompt_prediction/fwwbddrdpngylr2l2yjd.jpg","https://res.cloudinary.com/splurgeart/image/upload/c_crop,h_2049,w_3584,x_0,y_-0/v1718772991/ai_art/prompt_prediction/uncyvh0rwiszvqucnqhs.jpg","https://res.cloudinary.com/splurgeart/image/upload/c_crop,h_3584,w_2048,x_0,y_0/v1718764720/ai_art/prompt_prediction/gfgpqeu6i4d2lpyxvmby.jpg","https://res.cloudinary.com/splurgeart/image/upload/c_crop,h_3584,w_2047,x_0,y_0/v1718764697/ai_art/prompt_prediction/oixumaeukakyodffjbre.jpg","https://res.cloudinary.com/splurgeart/image/upload/c_crop,h_3584,w_2048,x_0,y_0/v1718764768/ai_art/prompt_prediction/sew2hycjpr79totnymdr.jpg",https://res.cloudinary.com/splurgeart/video/upload/v1718772701/ai_video/video_generation/fjklkebbhqoayuwm5nri.mp4,,,
https://res.cloudinary.com/splurgeart/image/upload/v1719636306/swanling/phscprpz3bpxh0fh1jse.jpg,,,,,,,,,
"https://res.cloudinary.com/splurgeart/image/upload/c_crop,h_3584,w_2047,x_0,y_0/v1720150773/ai_art/prompt_prediction/rsztkvre3sjp1dmmzdha.jpg","https://res.cloudinary.com/splurgeart/image/upload/c_crop,h_1792,w_1024,x_0,y_0/v1720118924/ai_art/prompt_prediction/h0gich2lxjytwiarfyzt.jpg","https://res.cloudinary.com/splurgeart/image/upload/c_crop,h_1792,w_1024,x_0,y_0/v1720119461/ai_art/prompt_prediction/x70zt5d2xvbwdlw4s323.jpg",,,,,,,
"https://res.cloudinary.com/splurgeart/image/upload/c_crop,h_3584,w_2048,x_0,y_0/v1720214287/ai_art/prompt_prediction/vfryktz7uukj10wxliho.jpg","https://res.cloudinary.com/splurgeart/image/upload/c_crop,h_3584,w_2048,x_0,y_0/v1720214424/ai_art/prompt_prediction/nuswar3hhs34zcddjlu0.jpg","https://res.cloudinary.com/splurgeart/image/upload/c_crop,h_3584,w_2047,x_0,y_0/v1720214199/ai_art/prompt_prediction/mvioat1p2ocybin9bpad.jpg",,,,,,,
https://res.cloudinary.com/splurgeart/image/upload/v1720232221/swanling/rhotbknp3snwft8lumkl.jpg,,,,,,,,,
"https://res.cloudinary.com/splurgeart/image/upload/c_crop,h_3584,w_2047,x_0,y_0/v1720410385/ai_art/prompt_prediction/ur0rfyc04jcgn1eduboq.jpg","https://res.cloudinary.com/splurgeart/image/upload/c_crop,h_3584,w_2048,x_0,y_0/v1720410484/ai_art/prompt_prediction/x7ya3naldjz8sun3r341.jpg","https://res.cloudinary.com/splurgeart/image/upload/c_crop,h_3584,w_2048,x_0,y_0/v1720410502/ai_art/prompt_prediction/fxduiyvuzvuaxpoj6jyi.jpg",,,,,,,
"https://res.cloudinary.com/splurgeart/image/upload/c_crop,h_3584,w_2047,x_0,y_0/v1721012804/ai_art/prompt_prediction/bgezfarkgnmc8bjnley2.jpg","https://res.cloudinary.com/splurgeart/image/upload/c_crop,h_3584,w_2048,x_0,y_0/v1721013487/ai_art/prompt_prediction/rkx3q5orbttodjn0oghs.jpg",,,,,,,,
"https://res.cloudinary.com/splurgeart/image/upload/c_crop,h_1792,w_1024,x_0,y_0/v1721014614/ai_art/prompt_prediction/kisbgphjm4vvb3c6egmc.jpg","https://res.cloudinary.com/splurgeart/image/upload/c_crop,h_3584,w_2047,x_0,y_0/v1721015091/ai_art/prompt_prediction/rtur1ikizbpkd1igj1wr.jpg",,,,,,,,
"https://res.cloudinary.com/splurgeart/image/upload/c_crop,h_3584,w_2048,x_0,y_0/v1721352836/ai_art/prompt_prediction/d1hugcsrzskzjxwqlpi2.jpg",,,,,,,,,
"https://res.cloudinary.com/splurgeart/image/upload/c_crop,h_3584,w_2048,x_0,y_0/v1721532509/ai_art/prompt_prediction/fkspgj3t9hl9fi7477ha.jpg",,,,,,,,,
"https://res.cloudinary.com/splurgeart/image/upload/c_crop,h_4096,w_4096,x_0,y_0/v1721619917/ai_art/prompt_prediction/khrxwcxg5ottqe3iawe0.jpg",,,,,,,,,
"https://res.cloudinary.com/splurgeart/image/upload/a_90.0/c_crop,h_1024,w_1792,x_0,y_0/v1721620103/ai_art/prompt_prediction/agvkrhycvgzylsfagmbw.jpg","https://res.cloudinary.com/splurgeart/image/upload/c_crop,h_2048,w_2048,x_0,y_0/v1721620219/ai_art/prompt_prediction/ohzybdqtgp5od2rp7lnt.jpg",,,,,,,,
"https://res.cloudinary.com/splurgeart/image/upload/c_crop,h_3584,w_2048,x_0,y_0/v1722137927/ai_art/prompt_prediction/sqkl42tf7wholygyazum.jpg","https://res.cloudinary.com/splurgeart/image/upload/c_crop,h_1792,w_1024,x_0,y_0/v1722137382/ai_art/prompt_prediction/ext0wwohz4c5fbaawwjx.jpg",,,,,,,,
"https://res.cloudinary.com/splurgeart/image/upload/c_crop,h_2048,w_2048,x_0,y_0/v1722199698/ai_art/prompt_prediction/ssa5dbjowwpemekb6q0y.jpg","https://res.cloudinary.com/splurgeart/image/upload/c_crop,h_4096,w_3071,x_0,y_0/v1722199599/ai_art/prompt_prediction/sxvssenzilahedr6igh4.jpg",,,,,,,,
"https://res.cloudinary.com/splurgeart/image/upload/c_crop,h_2048,w_2048,x_0,y_0/v1722224327/ai_art/prompt_prediction/xzh7nqjb0lsfoayyj7qq.jpg","https://res.cloudinary.com/splurgeart/image/upload/c_crop,h_2048,w_2048,x_0,y_0/v1722224377/ai_art/prompt_prediction/ztgwlvprhgkkpe1khhop.jpg",,,,,,,,
"https://res.cloudinary.com/splurgeart/image/upload/c_crop,h_1792,w_1024,x_0,y_0/v1722397478/ai_art/prompt_prediction/dxrgcprgcvgu7uellxmt.jpg",,,,,,,,,
"https://res.cloudinary.com/splurgeart/image/upload/c_crop,h_4928,w_3711,x_1,y_0/v1722574400/ai_art/prompt_prediction/nyuuntaeewpgzzrywstp.jpg",,,,,,,,,
"https://res.cloudinary.com/splurgeart/image/upload/c_crop,h_4928,w_3712,x_0,y_0/v1722574440/ai_art/prompt_prediction/hiysqfv2uuejvoke3cog.jpg",,,,,,,,,
"https://res.cloudinary.com/splurgeart/image/upload/c_crop,h_4928,w_3712,x_0,y_0/v1722574440/ai_art/prompt_prediction/hiysqfv2uuejvoke3cog.jpg",,,,,,,,,
"https://res.cloudinary.com/splurgeart/image/upload/c_crop,h_4928,w_3711,x_1,y_0/v1722827985/ai_art/prompt_prediction/fkulvbkimtabz4s045kc.jpg","https://res.cloudinary.com/splurgeart/image/upload/c_crop,h_2048,w_2048,x_0,y_0/v1722829581/ai_art/prompt_prediction/wuczt7yf7wucylcab3fy.jpg",,,,,,,,
"https://res.cloudinary.com/splurgeart/image/upload/c_crop,h_1232,w_928,x_0,y_0/v1722830369/ai_art/prompt_prediction/b6ln1xhbmmouhhyarzln.jpg",,,,,,,,,
"https://res.cloudinary.com/splurgeart/image/upload/c_crop,h_3584,w_2048,x_0,y_0/v1723002404/ai_art/prompt_prediction/g6gtjyyu6dcm3uus5rrm.jpg","https://res.cloudinary.com/splurgeart/image/upload/c_crop,h_3584,w_2047,x_1,y_0/v1723002378/ai_art/prompt_prediction/och6zsm2mjlsxcmmqyvd.jpg","https://res.cloudinary.com/splurgeart/image/upload/c_crop,h_3584,w_2047,x_1,y_0/v1723002441/ai_art/prompt_prediction/h91ossxarqhel27ddyjs.jpg",,,,,,,
"https://res.cloudinary.com/splurgeart/image/upload/c_crop,h_3584,w_2047,x_1,y_0/v1723002378/ai_art/prompt_prediction/och6zsm2mjlsxcmmqyvd.jpg","https://res.cloudinary.com/splurgeart/image/upload/c_crop,h_3584,w_2048,x_0,y_0/v1723002404/ai_art/prompt_prediction/g6gtjyyu6dcm3uus5rrm.jpg","https://res.cloudinary.com/splurgeart/image/upload/c_crop,h_3584,w_2047,x_1,y_0/v1723002441/ai_art/prompt_prediction/h91ossxarqhel27ddyjs.jpg",,,,,,,
"https://res.cloudinary.com/splurgeart/image/upload/c_crop,h_2432,w_1664,x_0,y_0/v1723012099/ai_art/prompt_prediction/ygjefipjmc5o9tmxx3lf.jpg",,,,,,,,,
"https://res.cloudinary.com/splurgeart/image/upload/c_crop,h_2432,w_1664,x_0,y_0/v1723016738/ai_art/prompt_prediction/mafbiqmdnow8darlrjxc.jpg",,,,,,,,,
"https://res.cloudinary.com/splurgeart/image/upload/c_crop,h_2432,w_1664,x_0,y_0/v1723017694/ai_art/prompt_prediction/dockoaqps8dpplmjp5uj.jpg",,,,,,,,,
"https://res.cloudinary.com/splurgeart/image/upload/c_crop,h_2432,w_1663,x_0,y_0/v1723043990/ai_art/prompt_prediction/d7mdqja7enjzebishbt0.jpg",,,,,,,,,
"https://res.cloudinary.com/splurgeart/image/upload/c_crop,h_2432,w_1664,x_0,y_0/v1723173988/ai_art/prompt_prediction/m6jepdp1rb7bqtsg8clh.jpg","https://res.cloudinary.com/splurgeart/image/upload/c_crop,h_1216,w_832,x_0,y_0/v1723174096/ai_art/prompt_prediction/rml9ls1qldudikusu7fu.jpg","https://res.cloudinary.com/splurgeart/image/upload/c_crop,h_2432,w_1664,x_0,y_0/v1723173909/ai_art/prompt_prediction/tg1onhuy0cj1gmmtsxnr.jpg","https://res.cloudinary.com/splurgeart/image/upload/c_crop,h_2432,w_1664,x_0,y_0/v1723175170/ai_art/prompt_prediction/jdmj6og5cspgf11uemzt.jpg",,,,,,
"https://res.cloudinary.com/splurgeart/image/upload/c_crop,h_2432,w_1664,x_0,y_0/v1723347971/ai_art/prompt_prediction/lh8gfv5fahmoqa8ptimk.jpg","https://res.cloudinary.com/splurgeart/image/upload/c_crop,h_2432,w_1664,x_0,y_0/v1723348180/ai_art/prompt_prediction/so1i5knl2hctqwvoqi8v.jpg","https://res.cloudinary.com/splurgeart/image/upload/c_crop,h_2432,w_1664,x_0,y_0/v1723348115/ai_art/prompt_prediction/cbcfnkfkpdfwwlsrrdt2.jpg",,,,,,,
"https://res.cloudinary.com/splurgeart/image/upload/c_crop,h_2432,w_1664,x_0,y_0/v1723375178/ai_art/prompt_prediction/yskznfvtuihszfmltlht.jpg","https://res.cloudinary.com/splurgeart/image/upload/c_crop,h_2432,w_1664,x_0,y_0/v1723375197/ai_art/prompt_prediction/ov6ztmgeaopvpa5qjczg.jpg","https://res.cloudinary.com/splurgeart/image/upload/c_crop,h_2432,w_1664,x_0,y_0/v1723375218/ai_art/prompt_prediction/ytlcg2uwhmplirzjgaak.jpg",,,,,,,
